[{"model": "contenttypes.contenttype", "pk": 1, "fields": {"app_label": "admin", "model": "logentry"}}, {"model": "contenttypes.contenttype", "pk": 2, "fields": {"app_label": "auth", "model": "user"}}, {"model": "contenttypes.contenttype", "pk": 3, "fields": {"app_label": "auth", "model": "group"}}, {"model": "contenttypes.contenttype", "pk": 4, "fields": {"app_label": "auth", "model": "permission"}}, {"model": "contenttypes.contenttype", "pk": 5, "fields": {"app_label": "contenttypes", "model": "contenttype"}}, {"model": "contenttypes.contenttype", "pk": 6, "fields": {"app_label": "sessions", "model": "session"}}, {"model": "contenttypes.contenttype", "pk": 7, "fields": {"app_label": "resume", "model": "skillset"}}, {"model": "contenttypes.contenttype", "pk": 8, "fields": {"app_label": "resume", "model": "job"}}, {"model": "contenttypes.contenttype", "pk": 9, "fields": {"app_label": "resume", "model": "achievement"}}, {"model": "contenttypes.contenttype", "pk": 10, "fields": {"app_label": "resume", "model": "personalinfo"}}, {"model": "contenttypes.contenttype", "pk": 11, "fields": {"app_label": "resume", "model": "language"}}, {"model": "contenttypes.contenttype", "pk": 12, "fields": {"app_label": "resume", "model": "education"}}, {"model": "contenttypes.contenttype", "pk": 13, "fields": {"app_label": "resume", "model": "programminglanguage"}}, {"model": "contenttypes.contenttype", "pk": 14, "fields": {"app_label": "resume", "model": "skill"}}, {"model": "contenttypes.contenttype", "pk": 15, "fields": {"app_label": "resume", "model": "jobaccomplishment"}}, {"model": "contenttypes.contenttype", "pk": 16, "fields": {"app_label": "resume", "model": "overview"}}, {"model": "contenttypes.contenttype", "pk": 17, "fields": {"app_label": "resume", "model": "project"}}, {"model": "contenttypes.contenttype", "pk": 18, "fields": {"app_label": "resume", "model": "publication"}}, {"model": "contenttypes.contenttype", "pk": 19, "fields": {"app_label": "resume", "model": "programmingarea"}}, {"model": "sessions.session", "pk": "3okun2gq9y2e6p6p53j1n8u2h7l4iuja", "fields": {"session_data": "ODM5MTExZGZiYmQ5OWE4MmI0MmVmNGYzN2JkMTc0Njg2YTc1ZDcxMzp7Il9hdXRoX3VzZXJfYmFja2VuZCI6ImRqYW5nby5jb250cmliLmF1dGguYmFja2VuZHMuTW9kZWxCYWNrZW5kIiwiX2F1dGhfdXNlcl9pZCI6IjEiLCJfYXV0aF91c2VyX2hhc2giOiIzODRiODY3MzAwMTYxMjNjYzE3OGFiZDBlOWNhYTMzZjJkNmM5N2IzIn0=", "expire_date": "2018-03-19T02:15:49.166Z"}}, {"model": "sessions.session", "pk": "5vmylk30ftemkjy8allgwlntque4l3p2", "fields": {"session_data": "NTJkMDQwNzAxNzFiMzFlMzg3NzcwYTgxYTcwZjJiNTYwNjUwMWY4NTp7Il9hdXRoX3VzZXJfaWQiOiIxIiwiX2F1dGhfdXNlcl9iYWNrZW5kIjoiZGphbmdvLmNvbnRyaWIuYXV0aC5iYWNrZW5kcy5Nb2RlbEJhY2tlbmQiLCJfYXV0aF91c2VyX2hhc2giOiIzODRiODY3MzAwMTYxMjNjYzE3OGFiZDBlOWNhYTMzZjJkNmM5N2IzIn0=", "expire_date": "2018-03-19T14:09:43.712Z"}}, {"model": "sessions.session", "pk": "ff5s35bd0yke8pdhjazf5tf9i1bp8ak9", "fields": {"session_data": "ODM5MTExZGZiYmQ5OWE4MmI0MmVmNGYzN2JkMTc0Njg2YTc1ZDcxMzp7Il9hdXRoX3VzZXJfYmFja2VuZCI6ImRqYW5nby5jb250cmliLmF1dGguYmFja2VuZHMuTW9kZWxCYWNrZW5kIiwiX2F1dGhfdXNlcl9pZCI6IjEiLCJfYXV0aF91c2VyX2hhc2giOiIzODRiODY3MzAwMTYxMjNjYzE3OGFiZDBlOWNhYTMzZjJkNmM5N2IzIn0=", "expire_date": "2018-03-19T02:40:00.696Z"}}, {"model": "sessions.session", "pk": "iirj7q4ul3vpkb5ilc274kky5g7kofpf", "fields": {"session_data": "ODM5MTExZGZiYmQ5OWE4MmI0MmVmNGYzN2JkMTc0Njg2YTc1ZDcxMzp7Il9hdXRoX3VzZXJfYmFja2VuZCI6ImRqYW5nby5jb250cmliLmF1dGguYmFja2VuZHMuTW9kZWxCYWNrZW5kIiwiX2F1dGhfdXNlcl9pZCI6IjEiLCJfYXV0aF91c2VyX2hhc2giOiIzODRiODY3MzAwMTYxMjNjYzE3OGFiZDBlOWNhYTMzZjJkNmM5N2IzIn0=", "expire_date": "2018-03-20T00:44:53.257Z"}}, {"model": "resume.overview", "pk": 1, "fields": {"text": "Qualified by 4 years as technical advisor and 7 years of post-MSc academic experience in solar\r\nenergy research. Expertise in data acquisition, data analysis and modeling including statistical\r\nanalysis and machine learning. Programming skills: HTML/Javascript, Django, Python, MATLAB, R, Java, LabVIEW, SQL, MDX, UNIX shell."}}, {"model": "resume.personalinfo", "pk": 1, "fields": {"first_name": "Alessandro", "middle_name": "", "last_name": "Marin", "locality": "Boston", "region": "MA", "title": "Wannabe Developer", "email": "AlessandroMarin80@gmail.com", "linkedin": "https://www.linkedin.com/in/alessandromarin80/", "facebook": "", "github": "https://github.com/aless80", "site": "https://aless80.pythonanywhere.com/", "twittername": ""}}, {"model": "resume.education", "pk": 1, "fields": {"name": "University of Padova", "name2": "Karolinska Institute", "location": "Padova, Italy", "location2": "Stockholm, Sweden", "schoolurl": "http://www.unipd.it/en/", "schoolurl2": "https://ki.se/en/neuro/ulfendahl-laboratory", "start_date": "1999-09-01", "end_date": "2005-11-30", "degree": "BSc in Physics, MSc in Applied Physics", "description": "Studied Physics with minor in Applied Physics. Master thesis in Biophysics of the cochlea"}}, {"model": "resume.education", "pk": 2, "fields": {"name": "Conservatory of Music Benedetto Marcello", "name2": "", "location": "Venice, Italy", "location2": "", "schoolurl": "http://www.conservatoriovenezia.net/", "schoolurl2": "", "start_date": "2001-09-01", "end_date": "2004-06-30", "degree": "Bachelor of Music, Piano", "description": "3 years piano, 1 year composition"}}, {"model": "resume.education", "pk": 3, "fields": {"name": "Vrije Universiteit", "name2": "", "location": "Amsterdam, the Netherlands", "location2": "", "schoolurl": "https://www.nat.vu.nl/en/research/biophysics/index.aspx", "schoolurl2": "", "start_date": "2005-04-01", "end_date": "2012-06-30", "degree": "PhD in Biophysics of Photosynthesis", "description": "Full time research in biophysics of photosynthesis"}}, {"model": "resume.job", "pk": 1, "fields": {"company": "Delft University of Technology", "companyurl": "https://www.tudelft.nl/en/", "location": "Delft, the Netherlands", "title": "Postdoctoral Scientist", "description": "Investigated the molecular electronic processes in organic semiconductors by modeling spectroscopic data", "start_date": "2011-09-01", "end_date": "2013-06-30", "is_current": false, "is_public": true, "company_image": ""}}, {"model": "resume.job", "pk": 2, "fields": {"company": "InterSystems Co.", "companyurl": "https://www.intersystems.com/", "location": "Boston, MA", "title": "Analytics Support Specialist", "description": "Provide technical support for InterSystems\u2019 Business Intelligence platform <a href=\"http://docs.intersystems.com/latest/csp/docbook/DocBook.UI.Page.cls?KEY=D2GS_ch_intro\" target=\"_block\">DeepSee<a>", "start_date": "2018-03-05", "end_date": "2014-04-01", "is_current": true, "is_public": true, "company_image": ""}}, {"model": "resume.job", "pk": 3, "fields": {"company": "Vrije Universiteit", "companyurl": "https://www.nat.vu.nl/en/research/biophysics/index.aspx", "location": "Amsterdam, the Netherlands", "title": "Ph.D. in Biophysics of Photosynthesis", "description": "Explored the transport of light energy in plant and algal photosynthesis", "start_date": "2006-04-01", "end_date": "2011-06-30", "is_current": false, "is_public": true, "company_image": ""}}, {"model": "resume.job", "pk": 4, "fields": {"company": "Karolinska Institute", "companyurl": "https://ki.se/en/neuro/ulfendahl-laboratory", "location": "Stockholm, Sweden", "title": "Master Thesis in Hearing Research", "description": "Devised and developed a MATLAB algorithm able to couple models to microscopic\r\nmovies of the inner ear", "start_date": "2004-08-01", "end_date": "2005-06-30", "is_current": false, "is_public": true, "company_image": ""}}, {"model": "resume.jobaccomplishment", "pk": 1, "fields": {"description": "Diagnose and resolve customer issues, assist in developing business intelligence\r\nstrategies in coordination with data architects", "job": 2, "order": 1}}, {"model": "resume.jobaccomplishment", "pk": 3, "fields": {"description": "Developed a nonlinear superposition model in MATLAB to extract the charge\r\nyield from spectroscopic data", "job": 1, "order": 1}}, {"model": "resume.jobaccomplishment", "pk": 5, "fields": {"description": "Development of applications using HTML, Javascript, ObjectScript, SQL, MDX", "job": 2, "order": 2}}, {"model": "resume.jobaccomplishment", "pk": 6, "fields": {"description": "Develop and review analytical models and Business Intelligence dashboards for\r\nInterSystems senior employees and customers", "job": 2, "order": 3}}, {"model": "resume.jobaccomplishment", "pk": 7, "fields": {"description": "Developed MATLAB software for data processing, performed model-based\r\nanalysis of spectroscopic data", "job": 3, "order": 1}}, {"model": "resume.jobaccomplishment", "pk": 8, "fields": {"description": "Wrote large part of the C (LabWindows) software for a laser detector. Set up\r\nreal-time instrument control and digital data processing at high-repetition rates", "job": 3, "order": 2}}, {"model": "resume.jobaccomplishment", "pk": 9, "fields": {"description": "Published 6 peer reviewed publications (4 first author)", "job": 3, "order": 3}}, {"model": "resume.jobaccomplishment", "pk": 10, "fields": {"description": "The results are the base of a peer reviewed publication", "job": 4, "order": 1}}, {"model": "resume.jobaccomplishment", "pk": 11, "fields": {"description": "Implemented hardware and LabVIEW software for operating laser systems", "job": 1, "order": 2}}, {"model": "resume.achievement", "pk": 1, "fields": {"title": "iGrow", "description": "app allowing users to plot a child\u2019s weight, length and BMI in comparison to\r\nreference data from the World Health Organization.", "order": 5, "url": "http://edosil.net/igrow"}}, {"model": "resume.achievement", "pk": 2, "fields": {"title": "MIT Professional Education Program", "description": "Certificate on the \"Data Science: Data to Insights\" online course on Data Science and Machine Learning", "order": 1, "url": "https://mitxpro.mit.edu/certificates/8c1eea3404c447968295be53c177a82b"}}, {"model": "resume.achievement", "pk": 3, "fields": {"title": "Tantrix", "description": "implementation of the Tantrix puzzle game in Python", "order": 4, "url": "https://github.com/aless80/tantrix"}}, {"model": "resume.achievement", "pk": 4, "fields": {"title": "DeepSeeButtons", "description": "Reporting routine for InterSystems' Business Intelligence product DeepSee", "order": 2, "url": "https://github.com/aless80/DeepSeeButtons"}}, {"model": "resume.achievement", "pk": 5, "fields": {"title": "Online courses", "description": "Certificates on Coursera and Lynda about Machine Learning and programming. Check my LinkedIn profile", "order": 6, "url": "https://www.linkedin.com/public-profile/settings?trk=d_flagship3_profile_self_view_public_profile"}}, {"model": "resume.achievement", "pk": 6, "fields": {"title": "Djangoresume", "description": "Django app generating an online resume on a user's site", "order": 3, "url": "https://github.com/aless80/Djangoresume"}}, {"model": "resume.publication", "pk": 1, "fields": {"title": "Excitation-induced polarization decay in the plant light-harvesting complex LHCII.", "authors": "Marin A, van Stokkum IH, Novoderezhkin VI, van Grondelle R.", "author_underlined": "Marin A", "journal": "Journal of Photochemistry and Photobiology, A: Chemistry", "year": 2012, "order": 1, "journalpages": "234:91-99", "link": "https://www.sciencedirect.com/science/article/pii/S1010603012000172"}}, {"model": "resume.publication", "pk": 2, "fields": {"title": "Flow of excitation energy in the cryptophyte light-harvesting antenna phycocyanin 645.", "authors": "Marin A, Doust AB, Scholes GD, Wilk KE, Curmi PMG, van Stokkum IHM, van Grondelle\r\nR.", "author_underlined": "Marin A", "journal": "Biophysical Journal", "year": 2011, "order": 1, "journalpages": "101:1004-1013", "link": "https://www.sciencedirect.com/science/article/pii/S0006349511008423"}}, {"model": "resume.publication", "pk": 3, "fields": {"title": "Intra- and inter-monomeric transfers in the light harvesting LHCII complex: the Redfield-Frster picture.", "authors": "Novoderezhkin VI, Marin A, van Grondelle R.", "author_underlined": "Marin A", "journal": "Physical Chemistry Chemical Physics", "year": 2011, "order": 2, "journalpages": "13(38):17093-103", "link": "http://pubs.rsc.org/en/content/articlelanding/2011/cp/c1cp21079c#!divAbstract"}}, {"model": "resume.publication", "pk": 4, "fields": {"title": "Minor complexes at work: light-harvesting by Carotenoids in the Photosystem II antenna complexes CP24 and CP26", "authors": "Marin A, Passarini F, van Stokkum IH, Croce R, van Grondelle R.", "author_underlined": "Marin A", "journal": "Biophysical Journal", "year": 2011, "order": 3, "journalpages": "100(11):2829-2838", "link": "https://www.ncbi.nlm.nih.gov/pubmed/21641329"}}, {"model": "resume.publication", "pk": 5, "fields": {"title": "Molecular adaptation of photoprotection: Triplet states in light-harvesting proteins", "authors": "Gall A, Berera R, Alexandre MTA, Pascal AA, Bordes L, Mendes-Pinto MM, Andrianambinintso\r\nS, Stoitchkova KV, Marin A, Valkunas L, Horton P, Kennis JTM, van Grondelle R, Ruban A,\r\nRobert B.", "author_underlined": "Marin A", "journal": "Biophysical Journal", "year": 2011, "order": 4, "journalpages": "101(4):934-942", "link": "https://www.ncbi.nlm.nih.gov/pubmed/21843485"}}, {"model": "resume.publication", "pk": 6, "fields": {"title": "The energy transfer pathways in the CP24 and CP26 antenna complexes of higher plant Photosystem II. A comparative study.", "authors": "Marin A, Passarini F, Croce R, van Grondelle R.", "author_underlined": "Marin A", "journal": "Biophysical Journal", "year": 2010, "order": 1, "journalpages": "99:4056-4065", "link": "https://www.ncbi.nlm.nih.gov/pubmed/21156149"}}, {"model": "resume.publication", "pk": 7, "fields": {"title": "From cochlear kinematics to cochlear mechanics: matching model to experiments", "authors": "Boutet de Monvel J, Marin A, Jacob S, Tomo I, von Tiedemann M, Fridberger A, Ulfendahl M,\r\nSteele CR.", "author_underlined": "Marin A", "journal": "Otol Jpn", "year": 2007, "order": 1, "journalpages": "16(2):76-84", "link": ""}}, {"model": "resume.skillset", "pk": 1, "fields": {"name": "Technical Skills"}}, {"model": "resume.skillset", "pk": 2, "fields": {"name": "Transferable Skills"}}, {"model": "resume.skill", "pk": 1, "fields": {"name": "Data analysis in MATLAB, R, Python", "order": 2, "skillset": 1}}, {"model": "resume.skill", "pk": 2, "fields": {"name": "Experience with relational and NoSQL databases", "order": 5, "skillset": 1}}, {"model": "resume.skill", "pk": 3, "fields": {"name": "UI development in LabView, HTML/Javascript (jQuery, AJAX, D3), LabWindows", "order": 1, "skillset": 1}}, {"model": "resume.skill", "pk": 4, "fields": {"name": "Troubleshooting: problem solving skills in complex software and hardware problems", "order": 2, "skillset": 2}}, {"model": "resume.skill", "pk": 5, "fields": {"name": "Strong analytical, multi-tasking and problem solving skills", "order": 4, "skillset": 2}}, {"model": "resume.skill", "pk": 6, "fields": {"name": "Business Intelligence: diagnose complex data and modeling problems, analyze technical issues, recommend solutions", "order": 4, "skillset": 1}}, {"model": "resume.skill", "pk": 7, "fields": {"name": "Experience with version control software (Git, Perforce)", "order": 6, "skillset": 1}}, {"model": "resume.skill", "pk": 8, "fields": {"name": "Machine learning in MATLAB and Python (scikit-learn): linear and logistic regression, clustering, dimensionality reduction, anomaly detection. Familiar with support vector machines and recommendation systems", "order": 8, "skillset": 1}}, {"model": "resume.skill", "pk": 9, "fields": {"name": "Statistical analysis and advanced regression techniques, signal processing, model fitting. Background in data mining and algorithm development", "order": 9, "skillset": 1}}, {"model": "resume.skill", "pk": 10, "fields": {"name": "Experience with large-scale code bases, desire to dive in, understand existing code", "order": 1, "skillset": 2}}, {"model": "resume.skill", "pk": 11, "fields": {"name": "Teamwork and management responsibilities: ability to supervise and work well with others in diverse work settings. Launched and supported several research projects allowing my teams to produce data quicker and publish first on several topics", "order": 5, "skillset": 2}}, {"model": "resume.skill", "pk": 12, "fields": {"name": "Communication skills: broad experience in both written (6 scientific publications, periodic reports) and oral (16 presentations at international conferences, group meetings, communication with non-specialist audiences) scientific communication", "order": 6, "skillset": 2}}, {"model": "resume.skill", "pk": 13, "fields": {"name": "Mentoring and teaching: responsible for the daily supervision of BSc and MSc students, who completed their projects on time and to a high standards. Two years teaching assistant in the MATLAB/LabVIEW course \u201cApplied Informatics for Medical Students\u201d", "order": 8, "skillset": 2}}, {"model": "resume.programmingarea", "pk": 1, "fields": {"name": "Back end", "order": 1}}, {"model": "resume.programmingarea", "pk": 2, "fields": {"name": "Front-end", "order": 3}}, {"model": "resume.programmingarea", "pk": 3, "fields": {"name": "Machine Learning/Other", "order": 6}}, {"model": "resume.programminglanguage", "pk": 5, "fields": {"name": "Python", "programmingarea": 1, "level": 5, "description": "Proficient", "order": 1}}, {"model": "resume.programminglanguage", "pk": 6, "fields": {"name": "Javascript", "programmingarea": 2, "level": 3, "description": "Intermediate", "order": 3}}, {"model": "resume.programminglanguage", "pk": 7, "fields": {"name": "C", "programmingarea": 1, "level": 2, "description": "Used in the past", "order": 9}}, {"model": "resume.programminglanguage", "pk": 8, "fields": {"name": "Django", "programmingarea": 1, "level": 4, "description": "Daily use", "order": 4}}, {"model": "resume.programminglanguage", "pk": 9, "fields": {"name": "Cach\u00e9 ObjectScript", "programmingarea": 1, "level": 5, "description": "Proficient", "order": 2}}, {"model": "resume.programminglanguage", "pk": 10, "fields": {"name": "MDX", "programmingarea": 3, "level": 5, "description": "", "order": 3}}, {"model": "resume.programminglanguage", "pk": 11, "fields": {"name": "SQL", "programmingarea": 1, "level": 4, "description": "", "order": 6}}, {"model": "resume.programminglanguage", "pk": 12, "fields": {"name": "MATLAB", "programmingarea": 1, "level": 4, "description": "Daily use until 2013", "order": 3}}, {"model": "resume.programminglanguage", "pk": 13, "fields": {"name": "Java", "programmingarea": 1, "level": 3, "description": "", "order": 8}}, {"model": "resume.programminglanguage", "pk": 14, "fields": {"name": "LabWindows/CVI", "programmingarea": 1, "level": 3, "description": "", "order": 10}}, {"model": "resume.programminglanguage", "pk": 15, "fields": {"name": "ShellScript (Bash)", "programmingarea": 1, "level": 4, "description": "", "order": 5}}, {"model": "resume.programminglanguage", "pk": 16, "fields": {"name": "LabVIEW", "programmingarea": 1, "level": 4, "description": "", "order": 7}}, {"model": "resume.programminglanguage", "pk": 17, "fields": {"name": "LaTeX", "programmingarea": 3, "level": 3, "description": "", "order": 7}}, {"model": "resume.programminglanguage", "pk": 18, "fields": {"name": "HTML", "programmingarea": 2, "level": 4, "description": "", "order": 1}}, {"model": "resume.programminglanguage", "pk": 19, "fields": {"name": "CSS", "programmingarea": 2, "level": 3, "description": "", "order": 2}}, {"model": "resume.programminglanguage", "pk": 20, "fields": {"name": "Python libraries (scikit learn, pandas, numpy, matplotlib, nltk, etc)", "programmingarea": 3, "level": 3, "description": "", "order": 1}}, {"model": "resume.programminglanguage", "pk": 21, "fields": {"name": "Bootstrap", "programmingarea": 2, "level": 3, "description": "", "order": 4}}, {"model": "resume.programminglanguage", "pk": 22, "fields": {"name": "REST", "programmingarea": 1, "level": 3, "description": "", "order": 1}}, {"model": "resume.language", "pk": 6, "fields": {"language": "Dutch", "order": 2, "level": 4}}, {"model": "resume.language", "pk": 7, "fields": {"language": "English", "order": 1, "level": 4}}, {"model": "resume.language", "pk": 8, "fields": {"language": "Spanish", "order": 1, "level": 3}}, {"model": "resume.language", "pk": 9, "fields": {"language": "French", "order": 2, "level": 3}}, {"model": "resume.language", "pk": 10, "fields": {"language": "Italian", "order": 1, "level": 5}}, {"model": "resume.project", "pk": 1, "fields": {"name": "Djangoresume", "description": "Many plans that keep this site a work in progress", "link": "https://github.com/aless80/Djangoresume", "order": 4, "picture": "resume/img/iGrow.png"}}, {"model": "resume.project", "pk": 3, "fields": {"name": "DeepSeeButtons", "description": "See above. Getting closer to perfection and inclusion in the DeepSee product", "link": "https://github.com/aless80/DeepSeeButtons", "order": 5, "picture": "resume/img/DeepSeeButtons.gif"}}, {"model": "resume.project", "pk": 4, "fields": {"name": "pypuma", "description": "Translating a gene regulatory network reconstruction algorithm from Quackenbush Lab to python", "link": "https://github.com/aless80/pypanda", "order": 2, "picture": ""}}, {"model": "resume.project", "pk": 5, "fields": {"name": "Machine Learning Notebooks", "description": "ipython notebooks with Machine Learning projects", "link": "https://github.com/aless80?tab=repositories", "order": 1, "picture": ""}}, {"model": "auth.permission", "pk": 1, "fields": {"name": "Can add log entry", "content_type": 1, "codename": "add_logentry"}}, {"model": "auth.permission", "pk": 2, "fields": {"name": "Can change log entry", "content_type": 1, "codename": "change_logentry"}}, {"model": "auth.permission", "pk": 3, "fields": {"name": "Can delete log entry", "content_type": 1, "codename": "delete_logentry"}}, {"model": "auth.permission", "pk": 4, "fields": {"name": "Can add user", "content_type": 2, "codename": "add_user"}}, {"model": "auth.permission", "pk": 5, "fields": {"name": "Can change user", "content_type": 2, "codename": "change_user"}}, {"model": "auth.permission", "pk": 6, "fields": {"name": "Can delete user", "content_type": 2, "codename": "delete_user"}}, {"model": "auth.permission", "pk": 7, "fields": {"name": "Can add group", "content_type": 3, "codename": "add_group"}}, {"model": "auth.permission", "pk": 8, "fields": {"name": "Can change group", "content_type": 3, "codename": "change_group"}}, {"model": "auth.permission", "pk": 9, "fields": {"name": "Can delete group", "content_type": 3, "codename": "delete_group"}}, {"model": "auth.permission", "pk": 10, "fields": {"name": "Can add permission", "content_type": 4, "codename": "add_permission"}}, {"model": "auth.permission", "pk": 11, "fields": {"name": "Can change permission", "content_type": 4, "codename": "change_permission"}}, {"model": "auth.permission", "pk": 12, "fields": {"name": "Can delete permission", "content_type": 4, "codename": "delete_permission"}}, {"model": "auth.permission", "pk": 13, "fields": {"name": "Can add content type", "content_type": 5, "codename": "add_contenttype"}}, {"model": "auth.permission", "pk": 14, "fields": {"name": "Can change content type", "content_type": 5, "codename": "change_contenttype"}}, {"model": "auth.permission", "pk": 15, "fields": {"name": "Can delete content type", "content_type": 5, "codename": "delete_contenttype"}}, {"model": "auth.permission", "pk": 16, "fields": {"name": "Can add session", "content_type": 6, "codename": "add_session"}}, {"model": "auth.permission", "pk": 17, "fields": {"name": "Can change session", "content_type": 6, "codename": "change_session"}}, {"model": "auth.permission", "pk": 18, "fields": {"name": "Can delete session", "content_type": 6, "codename": "delete_session"}}, {"model": "auth.permission", "pk": 19, "fields": {"name": "Can add skillset", "content_type": 7, "codename": "add_skillset"}}, {"model": "auth.permission", "pk": 20, "fields": {"name": "Can change skillset", "content_type": 7, "codename": "change_skillset"}}, {"model": "auth.permission", "pk": 21, "fields": {"name": "Can delete skillset", "content_type": 7, "codename": "delete_skillset"}}, {"model": "auth.permission", "pk": 22, "fields": {"name": "Can add job", "content_type": 8, "codename": "add_job"}}, {"model": "auth.permission", "pk": 23, "fields": {"name": "Can change job", "content_type": 8, "codename": "change_job"}}, {"model": "auth.permission", "pk": 24, "fields": {"name": "Can delete job", "content_type": 8, "codename": "delete_job"}}, {"model": "auth.permission", "pk": 25, "fields": {"name": "Can add achievement", "content_type": 9, "codename": "add_achievement"}}, {"model": "auth.permission", "pk": 26, "fields": {"name": "Can change achievement", "content_type": 9, "codename": "change_achievement"}}, {"model": "auth.permission", "pk": 27, "fields": {"name": "Can delete achievement", "content_type": 9, "codename": "delete_achievement"}}, {"model": "auth.permission", "pk": 28, "fields": {"name": "Can add personal info", "content_type": 10, "codename": "add_personalinfo"}}, {"model": "auth.permission", "pk": 29, "fields": {"name": "Can change personal info", "content_type": 10, "codename": "change_personalinfo"}}, {"model": "auth.permission", "pk": 30, "fields": {"name": "Can delete personal info", "content_type": 10, "codename": "delete_personalinfo"}}, {"model": "auth.permission", "pk": 31, "fields": {"name": "Can add language", "content_type": 11, "codename": "add_language"}}, {"model": "auth.permission", "pk": 32, "fields": {"name": "Can change language", "content_type": 11, "codename": "change_language"}}, {"model": "auth.permission", "pk": 33, "fields": {"name": "Can delete language", "content_type": 11, "codename": "delete_language"}}, {"model": "auth.permission", "pk": 34, "fields": {"name": "Can add education", "content_type": 12, "codename": "add_education"}}, {"model": "auth.permission", "pk": 35, "fields": {"name": "Can change education", "content_type": 12, "codename": "change_education"}}, {"model": "auth.permission", "pk": 36, "fields": {"name": "Can delete education", "content_type": 12, "codename": "delete_education"}}, {"model": "auth.permission", "pk": 37, "fields": {"name": "Can add programming language", "content_type": 13, "codename": "add_programminglanguage"}}, {"model": "auth.permission", "pk": 38, "fields": {"name": "Can change programming language", "content_type": 13, "codename": "change_programminglanguage"}}, {"model": "auth.permission", "pk": 39, "fields": {"name": "Can delete programming language", "content_type": 13, "codename": "delete_programminglanguage"}}, {"model": "auth.permission", "pk": 40, "fields": {"name": "Can add skill", "content_type": 14, "codename": "add_skill"}}, {"model": "auth.permission", "pk": 41, "fields": {"name": "Can change skill", "content_type": 14, "codename": "change_skill"}}, {"model": "auth.permission", "pk": 42, "fields": {"name": "Can delete skill", "content_type": 14, "codename": "delete_skill"}}, {"model": "auth.permission", "pk": 43, "fields": {"name": "Can add job accomplishment", "content_type": 15, "codename": "add_jobaccomplishment"}}, {"model": "auth.permission", "pk": 44, "fields": {"name": "Can change job accomplishment", "content_type": 15, "codename": "change_jobaccomplishment"}}, {"model": "auth.permission", "pk": 45, "fields": {"name": "Can delete job accomplishment", "content_type": 15, "codename": "delete_jobaccomplishment"}}, {"model": "auth.permission", "pk": 46, "fields": {"name": "Can add overview", "content_type": 16, "codename": "add_overview"}}, {"model": "auth.permission", "pk": 47, "fields": {"name": "Can change overview", "content_type": 16, "codename": "change_overview"}}, {"model": "auth.permission", "pk": 48, "fields": {"name": "Can delete overview", "content_type": 16, "codename": "delete_overview"}}, {"model": "auth.permission", "pk": 49, "fields": {"name": "Can add project", "content_type": 17, "codename": "add_project"}}, {"model": "auth.permission", "pk": 50, "fields": {"name": "Can change project", "content_type": 17, "codename": "change_project"}}, {"model": "auth.permission", "pk": 51, "fields": {"name": "Can delete project", "content_type": 17, "codename": "delete_project"}}, {"model": "auth.permission", "pk": 52, "fields": {"name": "Can add publication", "content_type": 18, "codename": "add_publication"}}, {"model": "auth.permission", "pk": 53, "fields": {"name": "Can change publication", "content_type": 18, "codename": "change_publication"}}, {"model": "auth.permission", "pk": 54, "fields": {"name": "Can delete publication", "content_type": 18, "codename": "delete_publication"}}, {"model": "auth.permission", "pk": 55, "fields": {"name": "Can add programming area", "content_type": 19, "codename": "add_programmingarea"}}, {"model": "auth.permission", "pk": 56, "fields": {"name": "Can change programming area", "content_type": 19, "codename": "change_programmingarea"}}, {"model": "auth.permission", "pk": 57, "fields": {"name": "Can delete programming area", "content_type": 19, "codename": "delete_programmingarea"}}, {"model": "auth.user", "pk": 1, "fields": {"password": "pbkdf2_sha256$100000$pe599X7B8YyS$+Ijv1/dyiZsU+1ucdxTpGWHFuGb/oJAA07RmWdfYeIY=", "last_login": "2018-03-06T00:44:53.248Z", "is_superuser": true, "username": "admin", "first_name": "", "last_name": "", "email": "", "is_staff": true, "is_active": true, "date_joined": "2018-03-05T02:15:33.884Z", "groups": [], "user_permissions": []}}, {"model": "admin.logentry", "pk": 1, "fields": {"action_time": "2018-03-05T11:49:26.914Z", "user": 1, "content_type": 12, "object_id": "1", "object_repr": "Education object (1)", "action_flag": 2, "change_message": "[{\"changed\": {\"fields\": [\"name\", \"location\", \"schoolurl\", \"start_date\", \"end_date\", \"degree\", \"description\"]}}]"}}, {"model": "admin.logentry", "pk": 2, "fields": {"action_time": "2018-03-05T11:51:46.807Z", "user": 1, "content_type": 12, "object_id": "2", "object_repr": "Education object (2)", "action_flag": 2, "change_message": "[{\"changed\": {\"fields\": [\"name\", \"location\", \"schoolurl\", \"start_date\", \"end_date\", \"degree\", \"description\"]}}]"}}, {"model": "admin.logentry", "pk": 3, "fields": {"action_time": "2018-03-05T11:53:17.763Z", "user": 1, "content_type": 12, "object_id": "3", "object_repr": "Education object (3)", "action_flag": 1, "change_message": "[{\"added\": {}}]"}}, {"model": "admin.logentry", "pk": 4, "fields": {"action_time": "2018-03-05T12:24:41.740Z", "user": 1, "content_type": 12, "object_id": "1", "object_repr": "Education object (1)", "action_flag": 2, "change_message": "[{\"changed\": {\"fields\": [\"description\"]}}]"}}, {"model": "admin.logentry", "pk": 5, "fields": {"action_time": "2018-03-05T14:15:10.833Z", "user": 1, "content_type": 8, "object_id": "2", "object_repr": "Job object (2)", "action_flag": 2, "change_message": "[{\"changed\": {\"fields\": [\"company\", \"companyurl\", \"location\", \"title\", \"description\", \"start_date\", \"end_date\", \"is_current\"]}}]"}}, {"model": "admin.logentry", "pk": 6, "fields": {"action_time": "2018-03-05T14:16:22.126Z", "user": 1, "content_type": 8, "object_id": "1", "object_repr": "Job object (1)", "action_flag": 2, "change_message": "[{\"changed\": {\"fields\": [\"company\", \"companyurl\", \"location\", \"title\", \"description\", \"start_date\", \"end_date\"]}}]"}}, {"model": "admin.logentry", "pk": 7, "fields": {"action_time": "2018-03-05T14:20:48.243Z", "user": 1, "content_type": 8, "object_id": "3", "object_repr": "Job object (3)", "action_flag": 1, "change_message": "[{\"added\": {}}]"}}, {"model": "admin.logentry", "pk": 8, "fields": {"action_time": "2018-03-05T14:21:00.377Z", "user": 1, "content_type": 12, "object_id": "2", "object_repr": "Education object (2)", "action_flag": 2, "change_message": "[{\"changed\": {\"fields\": [\"name\"]}}]"}}, {"model": "admin.logentry", "pk": 9, "fields": {"action_time": "2018-03-05T14:26:03.294Z", "user": 1, "content_type": 12, "object_id": "2", "object_repr": "Education object (2)", "action_flag": 2, "change_message": "[{\"changed\": {\"fields\": [\"name\", \"degree\"]}}]"}}, {"model": "admin.logentry", "pk": 10, "fields": {"action_time": "2018-03-05T14:30:39.974Z", "user": 1, "content_type": 15, "object_id": "3", "object_repr": "JobAccomplishment object (3)", "action_flag": 2, "change_message": "[{\"changed\": {\"fields\": [\"description\"]}}]"}}, {"model": "admin.logentry", "pk": 11, "fields": {"action_time": "2018-03-05T14:30:48.752Z", "user": 1, "content_type": 15, "object_id": "1", "object_repr": "JobAccomplishment object (1)", "action_flag": 2, "change_message": "[{\"changed\": {\"fields\": [\"description\"]}}]"}}, {"model": "admin.logentry", "pk": 12, "fields": {"action_time": "2018-03-05T14:30:59.035Z", "user": 1, "content_type": 15, "object_id": "2", "object_repr": "JobAccomplishment object (2)", "action_flag": 3, "change_message": ""}}, {"model": "admin.logentry", "pk": 13, "fields": {"action_time": "2018-03-05T14:31:12.677Z", "user": 1, "content_type": 15, "object_id": "4", "object_repr": "JobAccomplishment object (4)", "action_flag": 1, "change_message": "[{\"added\": {}}]"}}, {"model": "admin.logentry", "pk": 14, "fields": {"action_time": "2018-03-05T14:31:31.538Z", "user": 1, "content_type": 15, "object_id": "1", "object_repr": "JobAccomplishment object (1)", "action_flag": 2, "change_message": "[{\"changed\": {\"fields\": [\"description\", \"order\"]}}]"}}, {"model": "admin.logentry", "pk": 15, "fields": {"action_time": "2018-03-05T14:31:44.758Z", "user": 1, "content_type": 15, "object_id": "5", "object_repr": "JobAccomplishment object (5)", "action_flag": 1, "change_message": "[{\"added\": {}}]"}}, {"model": "admin.logentry", "pk": 16, "fields": {"action_time": "2018-03-05T14:31:57.579Z", "user": 1, "content_type": 15, "object_id": "6", "object_repr": "JobAccomplishment object (6)", "action_flag": 1, "change_message": "[{\"added\": {}}]"}}, {"model": "admin.logentry", "pk": 17, "fields": {"action_time": "2018-03-05T14:32:11.436Z", "user": 1, "content_type": 15, "object_id": "7", "object_repr": "JobAccomplishment object (7)", "action_flag": 1, "change_message": "[{\"added\": {}}]"}}, {"model": "admin.logentry", "pk": 18, "fields": {"action_time": "2018-03-05T14:32:54.302Z", "user": 1, "content_type": 15, "object_id": "4", "object_repr": "JobAccomplishment object (4)", "action_flag": 2, "change_message": "[{\"changed\": {\"fields\": [\"description\"]}}]"}}, {"model": "admin.logentry", "pk": 19, "fields": {"action_time": "2018-03-05T14:33:15.443Z", "user": 1, "content_type": 15, "object_id": "4", "object_repr": "JobAccomplishment object (4)", "action_flag": 2, "change_message": "[{\"changed\": {\"fields\": [\"job\"]}}]"}}, {"model": "admin.logentry", "pk": 20, "fields": {"action_time": "2018-03-05T14:33:32.186Z", "user": 1, "content_type": 15, "object_id": "3", "object_repr": "JobAccomplishment object (3)", "action_flag": 2, "change_message": "[{\"changed\": {\"fields\": [\"job\"]}}]"}}, {"model": "admin.logentry", "pk": 21, "fields": {"action_time": "2018-03-05T14:33:58.974Z", "user": 1, "content_type": 15, "object_id": "7", "object_repr": "JobAccomplishment object (7)", "action_flag": 2, "change_message": "[{\"changed\": {\"fields\": [\"description\"]}}]"}}, {"model": "admin.logentry", "pk": 22, "fields": {"action_time": "2018-03-05T14:34:15.651Z", "user": 1, "content_type": 15, "object_id": "8", "object_repr": "JobAccomplishment object (8)", "action_flag": 1, "change_message": "[{\"added\": {}}]"}}, {"model": "admin.logentry", "pk": 23, "fields": {"action_time": "2018-03-05T14:34:26.668Z", "user": 1, "content_type": 15, "object_id": "9", "object_repr": "JobAccomplishment object (9)", "action_flag": 1, "change_message": "[{\"added\": {}}]"}}, {"model": "admin.logentry", "pk": 24, "fields": {"action_time": "2018-03-05T14:35:43.632Z", "user": 1, "content_type": 8, "object_id": "4", "object_repr": "Job object (4)", "action_flag": 1, "change_message": "[{\"added\": {}}]"}}, {"model": "admin.logentry", "pk": 25, "fields": {"action_time": "2018-03-05T14:36:11.364Z", "user": 1, "content_type": 15, "object_id": "10", "object_repr": "JobAccomplishment object (10)", "action_flag": 1, "change_message": "[{\"added\": {}}]"}}, {"model": "admin.logentry", "pk": 26, "fields": {"action_time": "2018-03-05T14:57:32.642Z", "user": 1, "content_type": 15, "object_id": "4", "object_repr": "JobAccomplishment object (4)", "action_flag": 3, "change_message": ""}}, {"model": "admin.logentry", "pk": 27, "fields": {"action_time": "2018-03-05T19:57:35.493Z", "user": 1, "content_type": 14, "object_id": "1", "object_repr": "Skill object (1)", "action_flag": 2, "change_message": "[{\"changed\": {\"fields\": [\"order\"]}}]"}}, {"model": "admin.logentry", "pk": 28, "fields": {"action_time": "2018-03-05T19:57:41.680Z", "user": 1, "content_type": 14, "object_id": "2", "object_repr": "Skill object (2)", "action_flag": 2, "change_message": "[{\"changed\": {\"fields\": [\"order\"]}}]"}}, {"model": "admin.logentry", "pk": 29, "fields": {"action_time": "2018-03-05T19:58:02.021Z", "user": 1, "content_type": 14, "object_id": "6", "object_repr": "Skill object (6)", "action_flag": 1, "change_message": "[{\"added\": {}}]"}}, {"model": "admin.logentry", "pk": 30, "fields": {"action_time": "2018-03-05T19:58:22.275Z", "user": 1, "content_type": 14, "object_id": "2", "object_repr": "Skill object (2)", "action_flag": 2, "change_message": "[{\"changed\": {\"fields\": [\"order\"]}}]"}}, {"model": "admin.logentry", "pk": 31, "fields": {"action_time": "2018-03-05T19:58:33.936Z", "user": 1, "content_type": 14, "object_id": "4", "object_repr": "Skill object (4)", "action_flag": 2, "change_message": "[{\"changed\": {\"fields\": [\"order\"]}}]"}}, {"model": "admin.logentry", "pk": 32, "fields": {"action_time": "2018-03-05T20:03:36.168Z", "user": 1, "content_type": 13, "object_id": "1", "object_repr": "ProgrammingLanguage object (1)", "action_flag": 3, "change_message": ""}}, {"model": "admin.logentry", "pk": 33, "fields": {"action_time": "2018-03-05T20:03:36.182Z", "user": 1, "content_type": 13, "object_id": "4", "object_repr": "ProgrammingLanguage object (4)", "action_flag": 3, "change_message": ""}}, {"model": "admin.logentry", "pk": 34, "fields": {"action_time": "2018-03-05T20:03:36.192Z", "user": 1, "content_type": 13, "object_id": "3", "object_repr": "ProgrammingLanguage object (3)", "action_flag": 3, "change_message": ""}}, {"model": "admin.logentry", "pk": 35, "fields": {"action_time": "2018-03-05T20:03:56.315Z", "user": 1, "content_type": 13, "object_id": "2", "object_repr": "ProgrammingLanguage object (2)", "action_flag": 3, "change_message": ""}}, {"model": "admin.logentry", "pk": 36, "fields": {"action_time": "2018-03-05T20:04:05.170Z", "user": 1, "content_type": 13, "object_id": "8", "object_repr": "ProgrammingLanguage object (8)", "action_flag": 2, "change_message": "[{\"changed\": {\"fields\": [\"order\"]}}]"}}, {"model": "admin.logentry", "pk": 37, "fields": {"action_time": "2018-03-05T20:05:31.595Z", "user": 1, "content_type": 13, "object_id": "9", "object_repr": "ProgrammingLanguage object (9)", "action_flag": 1, "change_message": "[{\"added\": {}}]"}}, {"model": "admin.logentry", "pk": 38, "fields": {"action_time": "2018-03-05T20:05:45.564Z", "user": 1, "content_type": 13, "object_id": "10", "object_repr": "ProgrammingLanguage object (10)", "action_flag": 1, "change_message": "[{\"added\": {}}]"}}, {"model": "admin.logentry", "pk": 39, "fields": {"action_time": "2018-03-05T20:05:55.906Z", "user": 1, "content_type": 13, "object_id": "11", "object_repr": "ProgrammingLanguage object (11)", "action_flag": 1, "change_message": "[{\"added\": {}}]"}}, {"model": "admin.logentry", "pk": 40, "fields": {"action_time": "2018-03-05T20:06:07.717Z", "user": 1, "content_type": 13, "object_id": "12", "object_repr": "ProgrammingLanguage object (12)", "action_flag": 1, "change_message": "[{\"added\": {}}]"}}, {"model": "admin.logentry", "pk": 41, "fields": {"action_time": "2018-03-05T20:06:23.563Z", "user": 1, "content_type": 13, "object_id": "13", "object_repr": "ProgrammingLanguage object (13)", "action_flag": 1, "change_message": "[{\"added\": {}}]"}}, {"model": "admin.logentry", "pk": 42, "fields": {"action_time": "2018-03-05T20:06:41.334Z", "user": 1, "content_type": 13, "object_id": "14", "object_repr": "ProgrammingLanguage object (14)", "action_flag": 1, "change_message": "[{\"added\": {}}]"}}, {"model": "admin.logentry", "pk": 43, "fields": {"action_time": "2018-03-05T20:06:53.478Z", "user": 1, "content_type": 13, "object_id": "15", "object_repr": "ProgrammingLanguage object (15)", "action_flag": 1, "change_message": "[{\"added\": {}}]"}}, {"model": "admin.logentry", "pk": 44, "fields": {"action_time": "2018-03-05T20:07:12.323Z", "user": 1, "content_type": 13, "object_id": "16", "object_repr": "ProgrammingLanguage object (16)", "action_flag": 1, "change_message": "[{\"added\": {}}]"}}, {"model": "admin.logentry", "pk": 45, "fields": {"action_time": "2018-03-05T20:07:27.163Z", "user": 1, "content_type": 13, "object_id": "17", "object_repr": "ProgrammingLanguage object (17)", "action_flag": 1, "change_message": "[{\"added\": {}}]"}}, {"model": "admin.logentry", "pk": 46, "fields": {"action_time": "2018-03-05T20:07:44.347Z", "user": 1, "content_type": 13, "object_id": "18", "object_repr": "ProgrammingLanguage object (18)", "action_flag": 1, "change_message": "[{\"added\": {}}]"}}, {"model": "admin.logentry", "pk": 47, "fields": {"action_time": "2018-03-05T20:08:09.378Z", "user": 1, "content_type": 13, "object_id": "8", "object_repr": "ProgrammingLanguage object (8)", "action_flag": 2, "change_message": "[{\"changed\": {\"fields\": [\"level\"]}}]"}}, {"model": "admin.logentry", "pk": 48, "fields": {"action_time": "2018-03-05T20:08:18.260Z", "user": 1, "content_type": 13, "object_id": "6", "object_repr": "ProgrammingLanguage object (6)", "action_flag": 2, "change_message": "[]"}}, {"model": "admin.logentry", "pk": 49, "fields": {"action_time": "2018-03-05T20:09:51.228Z", "user": 1, "content_type": 13, "object_id": "12", "object_repr": "ProgrammingLanguage object (12)", "action_flag": 2, "change_message": "[{\"changed\": {\"fields\": [\"description\"]}}]"}}, {"model": "admin.logentry", "pk": 50, "fields": {"action_time": "2018-03-05T20:10:16.457Z", "user": 1, "content_type": 16, "object_id": "1", "object_repr": "Overview object (1)", "action_flag": 2, "change_message": "[{\"changed\": {\"fields\": [\"text\"]}}]"}}, {"model": "admin.logentry", "pk": 51, "fields": {"action_time": "2018-03-05T20:14:23.989Z", "user": 1, "content_type": 16, "object_id": "1", "object_repr": "Overview object (1)", "action_flag": 2, "change_message": "[{\"changed\": {\"fields\": [\"text\"]}}]"}}, {"model": "admin.logentry", "pk": 52, "fields": {"action_time": "2018-03-05T20:16:31.641Z", "user": 1, "content_type": 11, "object_id": "6", "object_repr": "Language object (6)", "action_flag": 2, "change_message": "[{\"changed\": {\"fields\": [\"level\"]}}]"}}, {"model": "admin.logentry", "pk": 53, "fields": {"action_time": "2018-03-05T20:16:43.106Z", "user": 1, "content_type": 11, "object_id": "6", "object_repr": "Language object (6)", "action_flag": 2, "change_message": "[{\"changed\": {\"fields\": [\"language\"]}}]"}}, {"model": "admin.logentry", "pk": 54, "fields": {"action_time": "2018-03-05T20:19:11.989Z", "user": 1, "content_type": 17, "object_id": "2", "object_repr": "Project object (2)", "action_flag": 1, "change_message": "[{\"added\": {}}]"}}, {"model": "admin.logentry", "pk": 55, "fields": {"action_time": "2018-03-05T20:19:42.067Z", "user": 1, "content_type": 17, "object_id": "2", "object_repr": "Project object (2)", "action_flag": 2, "change_message": "[{\"changed\": {\"fields\": [\"link\"]}}]"}}, {"model": "admin.logentry", "pk": 56, "fields": {"action_time": "2018-03-05T20:19:57.990Z", "user": 1, "content_type": 17, "object_id": "1", "object_repr": "Project object (1)", "action_flag": 2, "change_message": "[{\"changed\": {\"fields\": [\"link\"]}}]"}}, {"model": "admin.logentry", "pk": 57, "fields": {"action_time": "2018-03-05T20:20:16.985Z", "user": 1, "content_type": 17, "object_id": "3", "object_repr": "Project object (3)", "action_flag": 1, "change_message": "[{\"added\": {}}]"}}, {"model": "admin.logentry", "pk": 58, "fields": {"action_time": "2018-03-05T20:20:55.519Z", "user": 1, "content_type": 17, "object_id": "2", "object_repr": "Project object (2)", "action_flag": 3, "change_message": ""}}, {"model": "admin.logentry", "pk": 59, "fields": {"action_time": "2018-03-05T20:23:29.140Z", "user": 1, "content_type": 9, "object_id": "3", "object_repr": "Achievement object (3)", "action_flag": 2, "change_message": "[{\"changed\": {\"fields\": [\"description\", \"url\", \"linkname\"]}}]"}}, {"model": "admin.logentry", "pk": 60, "fields": {"action_time": "2018-03-05T22:24:55.331Z", "user": 1, "content_type": 18, "object_id": "1", "object_repr": "Publication object (1)", "action_flag": 1, "change_message": "[{\"added\": {}}]"}}, {"model": "admin.logentry", "pk": 61, "fields": {"action_time": "2018-03-05T23:05:55.477Z", "user": 1, "content_type": 18, "object_id": "2", "object_repr": "Publication object (2)", "action_flag": 1, "change_message": "[{\"added\": {}}]"}}, {"model": "admin.logentry", "pk": 62, "fields": {"action_time": "2018-03-05T23:06:45.617Z", "user": 1, "content_type": 18, "object_id": "3", "object_repr": "Publication object (3)", "action_flag": 1, "change_message": "[{\"added\": {}}]"}}, {"model": "admin.logentry", "pk": 63, "fields": {"action_time": "2018-03-06T00:45:56.373Z", "user": 1, "content_type": 17, "object_id": "3", "object_repr": "Project object (3)", "action_flag": 2, "change_message": "[{\"changed\": {\"fields\": [\"picture\"]}}]"}}, {"model": "admin.logentry", "pk": 64, "fields": {"action_time": "2018-03-06T00:46:42.394Z", "user": 1, "content_type": 17, "object_id": "1", "object_repr": "Project object (1)", "action_flag": 2, "change_message": "[{\"changed\": {\"fields\": [\"picture\"]}}]"}}, {"model": "admin.logentry", "pk": 65, "fields": {"action_time": "2018-03-06T00:56:16.818Z", "user": 1, "content_type": 17, "object_id": "3", "object_repr": "Project object (3)", "action_flag": 2, "change_message": "[{\"changed\": {\"fields\": [\"picture\"]}}]"}}, {"model": "admin.logentry", "pk": 66, "fields": {"action_time": "2018-03-06T00:56:40.110Z", "user": 1, "content_type": 17, "object_id": "3", "object_repr": "Project object (3)", "action_flag": 2, "change_message": "[{\"changed\": {\"fields\": [\"picture\"]}}]"}}, {"model": "admin.logentry", "pk": 67, "fields": {"action_time": "2018-03-06T00:57:21.357Z", "user": 1, "content_type": 17, "object_id": "3", "object_repr": "Project object (3)", "action_flag": 2, "change_message": "[{\"changed\": {\"fields\": [\"picture\"]}}]"}}, {"model": "admin.logentry", "pk": 68, "fields": {"action_time": "2018-03-06T00:57:56.326Z", "user": 1, "content_type": 17, "object_id": "1", "object_repr": "Project object (1)", "action_flag": 2, "change_message": "[{\"changed\": {\"fields\": [\"picture\"]}}]"}}, {"model": "admin.logentry", "pk": 69, "fields": {"action_time": "2018-03-06T00:58:09.144Z", "user": 1, "content_type": 17, "object_id": "1", "object_repr": "Project object (1)", "action_flag": 2, "change_message": "[{\"changed\": {\"fields\": [\"picture\"]}}]"}}, {"model": "admin.logentry", "pk": 70, "fields": {"action_time": "2018-03-06T01:01:24.220Z", "user": 1, "content_type": 17, "object_id": "3", "object_repr": "Project object (3)", "action_flag": 2, "change_message": "[{\"changed\": {\"fields\": [\"picture\"]}}]"}}, {"model": "admin.logentry", "pk": 71, "fields": {"action_time": "2018-03-06T01:01:29.016Z", "user": 1, "content_type": 17, "object_id": "1", "object_repr": "Project object (1)", "action_flag": 2, "change_message": "[{\"changed\": {\"fields\": [\"picture\"]}}]"}}, {"model": "admin.logentry", "pk": 72, "fields": {"action_time": "2018-03-06T01:32:23.676Z", "user": 1, "content_type": 18, "object_id": "1", "object_repr": "Publication object (1)", "action_flag": 2, "change_message": "[{\"changed\": {\"fields\": [\"author_underlined\"]}}]"}}, {"model": "admin.logentry", "pk": 73, "fields": {"action_time": "2018-03-06T01:32:27.845Z", "user": 1, "content_type": 18, "object_id": "2", "object_repr": "Publication object (2)", "action_flag": 2, "change_message": "[{\"changed\": {\"fields\": [\"author_underlined\"]}}]"}}, {"model": "admin.logentry", "pk": 74, "fields": {"action_time": "2018-03-06T01:32:30.943Z", "user": 1, "content_type": 18, "object_id": "3", "object_repr": "Publication object (3)", "action_flag": 2, "change_message": "[{\"changed\": {\"fields\": [\"author_underlined\"]}}]"}}, {"model": "admin.logentry", "pk": 75, "fields": {"action_time": "2018-03-06T03:08:52.519Z", "user": 1, "content_type": 12, "object_id": "3", "object_repr": "Education object (3)", "action_flag": 2, "change_message": "[{\"changed\": {\"fields\": [\"description\"]}}]"}}, {"model": "admin.logentry", "pk": 76, "fields": {"action_time": "2018-03-06T03:09:32.371Z", "user": 1, "content_type": 12, "object_id": "3", "object_repr": "Education object (3)", "action_flag": 2, "change_message": "[{\"changed\": {\"fields\": [\"description\"]}}]"}}, {"model": "admin.logentry", "pk": 77, "fields": {"action_time": "2018-03-06T03:13:26.533Z", "user": 1, "content_type": 9, "object_id": "3", "object_repr": "Achievement object (3)", "action_flag": 2, "change_message": "[{\"changed\": {\"fields\": [\"description\"]}}]"}}, {"model": "admin.logentry", "pk": 78, "fields": {"action_time": "2018-03-06T03:16:03.075Z", "user": 1, "content_type": 9, "object_id": "3", "object_repr": "Achievement object (3)", "action_flag": 2, "change_message": "[{\"changed\": {\"fields\": [\"title\", \"order\"]}}]"}}, {"model": "admin.logentry", "pk": 79, "fields": {"action_time": "2018-03-06T03:25:18.392Z", "user": 1, "content_type": 9, "object_id": "4", "object_repr": "Achievement object (4)", "action_flag": 2, "change_message": "[{\"changed\": {\"fields\": [\"title\", \"url\"]}}]"}}, {"model": "admin.logentry", "pk": 80, "fields": {"action_time": "2018-03-06T03:26:14.076Z", "user": 1, "content_type": 9, "object_id": "4", "object_repr": "Achievement object (4)", "action_flag": 2, "change_message": "[{\"changed\": {\"fields\": [\"description\"]}}]"}}, {"model": "admin.logentry", "pk": 81, "fields": {"action_time": "2018-03-06T03:32:02.876Z", "user": 1, "content_type": 9, "object_id": "2", "object_repr": "Achievement object (2)", "action_flag": 2, "change_message": "[{\"changed\": {\"fields\": [\"title\", \"description\", \"url\"]}}]"}}, {"model": "admin.logentry", "pk": 82, "fields": {"action_time": "2018-03-06T03:32:13.461Z", "user": 1, "content_type": 9, "object_id": "3", "object_repr": "Achievement object (3)", "action_flag": 2, "change_message": "[{\"changed\": {\"fields\": [\"order\"]}}]"}}, {"model": "admin.logentry", "pk": 83, "fields": {"action_time": "2018-03-06T03:32:20.749Z", "user": 1, "content_type": 9, "object_id": "4", "object_repr": "Achievement object (4)", "action_flag": 2, "change_message": "[{\"changed\": {\"fields\": [\"order\"]}}]"}}, {"model": "admin.logentry", "pk": 84, "fields": {"action_time": "2018-03-06T03:34:43.863Z", "user": 1, "content_type": 9, "object_id": "1", "object_repr": "Achievement object (1)", "action_flag": 2, "change_message": "[{\"changed\": {\"fields\": [\"title\", \"description\"]}}]"}}, {"model": "admin.logentry", "pk": 85, "fields": {"action_time": "2018-03-06T03:36:06.165Z", "user": 1, "content_type": 9, "object_id": "2", "object_repr": "Achievement object (2)", "action_flag": 2, "change_message": "[{\"changed\": {\"fields\": [\"title\", \"description\"]}}]"}}, {"model": "admin.logentry", "pk": 86, "fields": {"action_time": "2018-03-06T03:36:52.002Z", "user": 1, "content_type": 9, "object_id": "2", "object_repr": "Achievement object (2)", "action_flag": 2, "change_message": "[{\"changed\": {\"fields\": [\"description\"]}}]"}}, {"model": "admin.logentry", "pk": 87, "fields": {"action_time": "2018-03-06T03:36:57.059Z", "user": 1, "content_type": 9, "object_id": "1", "object_repr": "Achievement object (1)", "action_flag": 2, "change_message": "[{\"changed\": {\"fields\": [\"order\"]}}]"}}, {"model": "admin.logentry", "pk": 88, "fields": {"action_time": "2018-03-06T03:37:30.791Z", "user": 1, "content_type": 9, "object_id": "3", "object_repr": "Achievement object (3)", "action_flag": 2, "change_message": "[]"}}, {"model": "admin.logentry", "pk": 89, "fields": {"action_time": "2018-03-06T03:49:17.941Z", "user": 1, "content_type": 18, "object_id": "2", "object_repr": "Publication object (2)", "action_flag": 2, "change_message": "[{\"changed\": {\"fields\": [\"journal\"]}}]"}}, {"model": "admin.logentry", "pk": 90, "fields": {"action_time": "2018-03-06T03:49:22.086Z", "user": 1, "content_type": 18, "object_id": "3", "object_repr": "Publication object (3)", "action_flag": 2, "change_message": "[{\"changed\": {\"fields\": [\"journal\"]}}]"}}, {"model": "admin.logentry", "pk": 91, "fields": {"action_time": "2018-03-06T03:50:55.537Z", "user": 1, "content_type": 18, "object_id": "4", "object_repr": "Publication object (4)", "action_flag": 1, "change_message": "[{\"added\": {}}]"}}, {"model": "admin.logentry", "pk": 92, "fields": {"action_time": "2018-03-06T03:51:45.649Z", "user": 1, "content_type": 18, "object_id": "5", "object_repr": "Publication object (5)", "action_flag": 1, "change_message": "[{\"added\": {}}]"}}, {"model": "admin.logentry", "pk": 93, "fields": {"action_time": "2018-03-06T03:52:24.199Z", "user": 1, "content_type": 18, "object_id": "2", "object_repr": "Publication object (2)", "action_flag": 2, "change_message": "[{\"changed\": {\"fields\": [\"journalpages\"]}}]"}}, {"model": "admin.logentry", "pk": 94, "fields": {"action_time": "2018-03-06T03:52:32.454Z", "user": 1, "content_type": 18, "object_id": "3", "object_repr": "Publication object (3)", "action_flag": 2, "change_message": "[{\"changed\": {\"fields\": [\"journalpages\"]}}]"}}, {"model": "admin.logentry", "pk": 95, "fields": {"action_time": "2018-03-06T03:52:40.678Z", "user": 1, "content_type": 18, "object_id": "4", "object_repr": "Publication object (4)", "action_flag": 2, "change_message": "[{\"changed\": {\"fields\": [\"journalpages\"]}}]"}}, {"model": "admin.logentry", "pk": 96, "fields": {"action_time": "2018-03-06T03:52:44.782Z", "user": 1, "content_type": 18, "object_id": "3", "object_repr": "Publication object (3)", "action_flag": 2, "change_message": "[]"}}, {"model": "admin.logentry", "pk": 97, "fields": {"action_time": "2018-03-06T03:52:48.501Z", "user": 1, "content_type": 18, "object_id": "5", "object_repr": "Publication object (5)", "action_flag": 2, "change_message": "[]"}}, {"model": "admin.logentry", "pk": 98, "fields": {"action_time": "2018-03-06T03:54:21.570Z", "user": 1, "content_type": 18, "object_id": "6", "object_repr": "Publication object (6)", "action_flag": 1, "change_message": "[{\"added\": {}}]"}}, {"model": "admin.logentry", "pk": 99, "fields": {"action_time": "2018-03-06T03:54:45.732Z", "user": 1, "content_type": 18, "object_id": "5", "object_repr": "Publication object (5)", "action_flag": 2, "change_message": "[{\"changed\": {\"fields\": [\"link\"]}}]"}}, {"model": "admin.logentry", "pk": 100, "fields": {"action_time": "2018-03-06T03:55:38.421Z", "user": 1, "content_type": 18, "object_id": "7", "object_repr": "Publication object (7)", "action_flag": 1, "change_message": "[{\"added\": {}}]"}}, {"model": "admin.logentry", "pk": 101, "fields": {"action_time": "2018-03-06T04:30:33.659Z", "user": 1, "content_type": 12, "object_id": "1", "object_repr": "Education object (1)", "action_flag": 2, "change_message": "[{\"changed\": {\"fields\": [\"location\"]}}]"}}, {"model": "admin.logentry", "pk": 102, "fields": {"action_time": "2018-03-06T04:31:44.225Z", "user": 1, "content_type": 12, "object_id": "1", "object_repr": "Education object (1)", "action_flag": 2, "change_message": "[{\"changed\": {\"fields\": [\"name\"]}}]"}}, {"model": "admin.logentry", "pk": 103, "fields": {"action_time": "2018-03-06T04:32:54.520Z", "user": 1, "content_type": 12, "object_id": "1", "object_repr": "Education object (1)", "action_flag": 2, "change_message": "[{\"changed\": {\"fields\": [\"location\"]}}]"}}, {"model": "admin.logentry", "pk": 104, "fields": {"action_time": "2018-03-06T04:36:55.801Z", "user": 1, "content_type": 12, "object_id": "1", "object_repr": "Education object (1)", "action_flag": 2, "change_message": "[{\"changed\": {\"fields\": [\"location\", \"location2\", \"schoolurl2\"]}}]"}}, {"model": "admin.logentry", "pk": 105, "fields": {"action_time": "2018-03-06T04:38:04.558Z", "user": 1, "content_type": 12, "object_id": "1", "object_repr": "Education object (1)", "action_flag": 2, "change_message": "[{\"changed\": {\"fields\": [\"name\"]}}]"}}, {"model": "admin.logentry", "pk": 106, "fields": {"action_time": "2018-03-06T04:38:37.327Z", "user": 1, "content_type": 12, "object_id": "1", "object_repr": "Education object (1)", "action_flag": 2, "change_message": "[{\"changed\": {\"fields\": [\"name2\"]}}]"}}, {"model": "admin.logentry", "pk": 107, "fields": {"action_time": "2018-03-06T04:51:06.625Z", "user": 1, "content_type": 10, "object_id": "1", "object_repr": "PersonalInfo object (1)", "action_flag": 2, "change_message": "[{\"changed\": {\"fields\": [\"site\"]}}]"}}, {"model": "admin.logentry", "pk": 108, "fields": {"action_time": "2018-03-06T12:15:30.795Z", "user": 1, "content_type": 15, "object_id": "3", "object_repr": "Delft University of Technology", "action_flag": 2, "change_message": "[{\"changed\": {\"fields\": [\"job\"]}}]"}}, {"model": "admin.logentry", "pk": 109, "fields": {"action_time": "2018-03-06T12:18:02.066Z", "user": 1, "content_type": 15, "object_id": "5", "object_repr": "InterSystems Co.", "action_flag": 2, "change_message": "[{\"changed\": {\"fields\": [\"description\"]}}]"}}, {"model": "admin.logentry", "pk": 110, "fields": {"action_time": "2018-03-06T12:18:12.666Z", "user": 1, "content_type": 15, "object_id": "1", "object_repr": "InterSystems Co.", "action_flag": 2, "change_message": "[{\"changed\": {\"fields\": [\"job\"]}}]"}}, {"model": "admin.logentry", "pk": 111, "fields": {"action_time": "2018-03-06T12:19:07.246Z", "user": 1, "content_type": 15, "object_id": "6", "object_repr": "InterSystems Co.", "action_flag": 2, "change_message": "[{\"changed\": {\"fields\": [\"description\"]}}]"}}, {"model": "admin.logentry", "pk": 112, "fields": {"action_time": "2018-03-06T12:24:41.056Z", "user": 1, "content_type": 8, "object_id": "2", "object_repr": "InterSystems Co.", "action_flag": 2, "change_message": "[{\"changed\": {\"fields\": [\"description\"]}}]"}}, {"model": "admin.logentry", "pk": 113, "fields": {"action_time": "2018-03-06T12:25:45.220Z", "user": 1, "content_type": 8, "object_id": "2", "object_repr": "InterSystems Co.", "action_flag": 2, "change_message": "[{\"changed\": {\"fields\": [\"description\"]}}]"}}, {"model": "admin.logentry", "pk": 114, "fields": {"action_time": "2018-03-06T12:26:26.594Z", "user": 1, "content_type": 8, "object_id": "1", "object_repr": "Delft University of Technology", "action_flag": 2, "change_message": "[{\"changed\": {\"fields\": [\"description\"]}}]"}}, {"model": "admin.logentry", "pk": 115, "fields": {"action_time": "2018-03-06T12:26:55.911Z", "user": 1, "content_type": 15, "object_id": "11", "object_repr": "JobAccomplishment object (11)", "action_flag": 1, "change_message": "[{\"added\": {}}]"}}, {"model": "admin.logentry", "pk": 116, "fields": {"action_time": "2018-03-06T12:29:59.983Z", "user": 1, "content_type": 12, "object_id": "2", "object_repr": "Education object (2)", "action_flag": 2, "change_message": "[{\"changed\": {\"fields\": [\"description\"]}}]"}}, {"model": "admin.logentry", "pk": 117, "fields": {"action_time": "2018-03-06T12:31:24.141Z", "user": 1, "content_type": 12, "object_id": "1", "object_repr": "Education object (1)", "action_flag": 2, "change_message": "[{\"changed\": {\"fields\": [\"description\"]}}]"}}, {"model": "admin.logentry", "pk": 118, "fields": {"action_time": "2018-03-06T12:32:47.713Z", "user": 1, "content_type": 12, "object_id": "3", "object_repr": "Education object (3)", "action_flag": 2, "change_message": "[{\"changed\": {\"fields\": [\"description\"]}}]"}}, {"model": "admin.logentry", "pk": 119, "fields": {"action_time": "2018-03-06T12:33:05.708Z", "user": 1, "content_type": 12, "object_id": "3", "object_repr": "Education object (3)", "action_flag": 2, "change_message": "[{\"changed\": {\"fields\": [\"description\"]}}]"}}, {"model": "admin.logentry", "pk": 120, "fields": {"action_time": "2018-03-06T12:51:03.278Z", "user": 1, "content_type": 19, "object_id": "1", "object_repr": "ProgrammingArea object (1)", "action_flag": 1, "change_message": "[{\"added\": {}}]"}}, {"model": "admin.logentry", "pk": 121, "fields": {"action_time": "2018-03-06T12:52:21.866Z", "user": 1, "content_type": 19, "object_id": "2", "object_repr": "ProgrammingArea object (2)", "action_flag": 1, "change_message": "[{\"added\": {}}]"}}, {"model": "admin.logentry", "pk": 122, "fields": {"action_time": "2018-03-06T12:52:30.334Z", "user": 1, "content_type": 19, "object_id": "3", "object_repr": "ProgrammingArea object (3)", "action_flag": 1, "change_message": "[{\"added\": {}}]"}}, {"model": "admin.logentry", "pk": 123, "fields": {"action_time": "2018-03-06T12:52:45.567Z", "user": 1, "content_type": 19, "object_id": "4", "object_repr": "ProgrammingArea object (4)", "action_flag": 1, "change_message": "[{\"added\": {}}]"}}, {"model": "admin.logentry", "pk": 124, "fields": {"action_time": "2018-03-06T12:53:05.721Z", "user": 1, "content_type": 13, "object_id": "9", "object_repr": "ProgrammingLanguage object (9)", "action_flag": 2, "change_message": "[{\"changed\": {\"fields\": [\"order\"]}}]"}}, {"model": "admin.logentry", "pk": 125, "fields": {"action_time": "2018-03-06T12:54:07.782Z", "user": 1, "content_type": 13, "object_id": "18", "object_repr": "ProgrammingLanguage object (18)", "action_flag": 2, "change_message": "[{\"changed\": {\"fields\": [\"programmingarea\"]}}]"}}, {"model": "admin.logentry", "pk": 126, "fields": {"action_time": "2018-03-06T12:54:11.019Z", "user": 1, "content_type": 13, "object_id": "12", "object_repr": "ProgrammingLanguage object (12)", "action_flag": 2, "change_message": "[]"}}, {"model": "admin.logentry", "pk": 127, "fields": {"action_time": "2018-03-06T12:54:14.121Z", "user": 1, "content_type": 13, "object_id": "5", "object_repr": "ProgrammingLanguage object (5)", "action_flag": 2, "change_message": "[]"}}, {"model": "admin.logentry", "pk": 128, "fields": {"action_time": "2018-03-06T12:54:18.412Z", "user": 1, "content_type": 13, "object_id": "9", "object_repr": "ProgrammingLanguage object (9)", "action_flag": 2, "change_message": "[]"}}, {"model": "admin.logentry", "pk": 129, "fields": {"action_time": "2018-03-06T12:54:27.940Z", "user": 1, "content_type": 13, "object_id": "8", "object_repr": "ProgrammingLanguage object (8)", "action_flag": 2, "change_message": "[{\"changed\": {\"fields\": [\"programmingarea\"]}}]"}}, {"model": "admin.logentry", "pk": 130, "fields": {"action_time": "2018-03-06T12:54:35.074Z", "user": 1, "content_type": 13, "object_id": "6", "object_repr": "ProgrammingLanguage object (6)", "action_flag": 2, "change_message": "[{\"changed\": {\"fields\": [\"programmingarea\"]}}]"}}, {"model": "admin.logentry", "pk": 131, "fields": {"action_time": "2018-03-06T12:54:38.287Z", "user": 1, "content_type": 13, "object_id": "11", "object_repr": "ProgrammingLanguage object (11)", "action_flag": 2, "change_message": "[]"}}, {"model": "admin.logentry", "pk": 132, "fields": {"action_time": "2018-03-06T12:54:45.560Z", "user": 1, "content_type": 13, "object_id": "13", "object_repr": "ProgrammingLanguage object (13)", "action_flag": 2, "change_message": "[]"}}, {"model": "admin.logentry", "pk": 133, "fields": {"action_time": "2018-03-06T12:55:47.740Z", "user": 1, "content_type": 13, "object_id": "17", "object_repr": "ProgrammingLanguage object (17)", "action_flag": 2, "change_message": "[{\"changed\": {\"fields\": [\"programmingarea\"]}}]"}}, {"model": "admin.logentry", "pk": 134, "fields": {"action_time": "2018-03-06T12:55:55.274Z", "user": 1, "content_type": 13, "object_id": "10", "object_repr": "ProgrammingLanguage object (10)", "action_flag": 2, "change_message": "[{\"changed\": {\"fields\": [\"programmingarea\"]}}]"}}, {"model": "admin.logentry", "pk": 135, "fields": {"action_time": "2018-03-06T12:58:07.999Z", "user": 1, "content_type": 13, "object_id": "19", "object_repr": "ProgrammingLanguage object (19)", "action_flag": 1, "change_message": "[{\"added\": {}}]"}}, {"model": "admin.logentry", "pk": 136, "fields": {"action_time": "2018-03-06T13:01:56.920Z", "user": 1, "content_type": 19, "object_id": "3", "object_repr": "Machine Learning/Other", "action_flag": 2, "change_message": "[{\"changed\": {\"fields\": [\"name\"]}}]"}}, {"model": "admin.logentry", "pk": 137, "fields": {"action_time": "2018-03-06T13:04:29.588Z", "user": 1, "content_type": 13, "object_id": "20", "object_repr": "ProgrammingLanguage object (20)", "action_flag": 1, "change_message": "[{\"added\": {}}]"}}, {"model": "admin.logentry", "pk": 138, "fields": {"action_time": "2018-03-06T13:05:10.191Z", "user": 1, "content_type": 13, "object_id": "19", "object_repr": "ProgrammingLanguage object (19)", "action_flag": 2, "change_message": "[{\"changed\": {\"fields\": [\"order\"]}}]"}}, {"model": "admin.logentry", "pk": 139, "fields": {"action_time": "2018-03-06T13:05:19.848Z", "user": 1, "content_type": 13, "object_id": "6", "object_repr": "ProgrammingLanguage object (6)", "action_flag": 2, "change_message": "[{\"changed\": {\"fields\": [\"order\"]}}]"}}, {"model": "admin.logentry", "pk": 140, "fields": {"action_time": "2018-03-06T13:08:09.110Z", "user": 1, "content_type": 13, "object_id": "12", "object_repr": "ProgrammingLanguage object (12)", "action_flag": 2, "change_message": "[{\"changed\": {\"fields\": [\"order\"]}}]"}}, {"model": "admin.logentry", "pk": 141, "fields": {"action_time": "2018-03-06T13:08:17.832Z", "user": 1, "content_type": 13, "object_id": "11", "object_repr": "ProgrammingLanguage object (11)", "action_flag": 2, "change_message": "[{\"changed\": {\"fields\": [\"order\"]}}]"}}, {"model": "admin.logentry", "pk": 142, "fields": {"action_time": "2018-03-06T13:08:25.392Z", "user": 1, "content_type": 13, "object_id": "13", "object_repr": "ProgrammingLanguage object (13)", "action_flag": 2, "change_message": "[{\"changed\": {\"fields\": [\"order\"]}}]"}}, {"model": "admin.logentry", "pk": 143, "fields": {"action_time": "2018-03-06T13:08:36.125Z", "user": 1, "content_type": 13, "object_id": "14", "object_repr": "ProgrammingLanguage object (14)", "action_flag": 2, "change_message": "[{\"changed\": {\"fields\": [\"order\"]}}]"}}, {"model": "admin.logentry", "pk": 144, "fields": {"action_time": "2018-03-06T13:08:46.511Z", "user": 1, "content_type": 13, "object_id": "7", "object_repr": "ProgrammingLanguage object (7)", "action_flag": 2, "change_message": "[{\"changed\": {\"fields\": [\"order\"]}}]"}}, {"model": "admin.logentry", "pk": 145, "fields": {"action_time": "2018-03-06T13:08:51.322Z", "user": 1, "content_type": 13, "object_id": "14", "object_repr": "ProgrammingLanguage object (14)", "action_flag": 2, "change_message": "[{\"changed\": {\"fields\": [\"order\"]}}]"}}, {"model": "admin.logentry", "pk": 146, "fields": {"action_time": "2018-03-06T13:09:01.200Z", "user": 1, "content_type": 13, "object_id": "13", "object_repr": "ProgrammingLanguage object (13)", "action_flag": 2, "change_message": "[{\"changed\": {\"fields\": [\"order\"]}}]"}}, {"model": "admin.logentry", "pk": 147, "fields": {"action_time": "2018-03-06T13:09:16.802Z", "user": 1, "content_type": 13, "object_id": "14", "object_repr": "ProgrammingLanguage object (14)", "action_flag": 2, "change_message": "[{\"changed\": {\"fields\": [\"order\"]}}]"}}, {"model": "admin.logentry", "pk": 148, "fields": {"action_time": "2018-03-06T13:09:21.542Z", "user": 1, "content_type": 13, "object_id": "7", "object_repr": "ProgrammingLanguage object (7)", "action_flag": 2, "change_message": "[{\"changed\": {\"fields\": [\"order\"]}}]"}}, {"model": "admin.logentry", "pk": 149, "fields": {"action_time": "2018-03-06T13:09:26.561Z", "user": 1, "content_type": 13, "object_id": "13", "object_repr": "ProgrammingLanguage object (13)", "action_flag": 2, "change_message": "[{\"changed\": {\"fields\": [\"order\"]}}]"}}, {"model": "admin.logentry", "pk": 150, "fields": {"action_time": "2018-03-06T13:09:31.404Z", "user": 1, "content_type": 13, "object_id": "16", "object_repr": "ProgrammingLanguage object (16)", "action_flag": 2, "change_message": "[{\"changed\": {\"fields\": [\"order\"]}}]"}}, {"model": "admin.logentry", "pk": 151, "fields": {"action_time": "2018-03-06T13:09:48.619Z", "user": 1, "content_type": 13, "object_id": "11", "object_repr": "ProgrammingLanguage object (11)", "action_flag": 2, "change_message": "[{\"changed\": {\"fields\": [\"order\"]}}]"}}, {"model": "admin.logentry", "pk": 152, "fields": {"action_time": "2018-03-06T13:10:17.731Z", "user": 1, "content_type": 13, "object_id": "10", "object_repr": "ProgrammingLanguage object (10)", "action_flag": 2, "change_message": "[{\"changed\": {\"fields\": [\"programmingarea\"]}}]"}}, {"model": "admin.logentry", "pk": 153, "fields": {"action_time": "2018-03-06T13:10:43.050Z", "user": 1, "content_type": 13, "object_id": "8", "object_repr": "ProgrammingLanguage object (8)", "action_flag": 2, "change_message": "[{\"changed\": {\"fields\": [\"order\"]}}]"}}, {"model": "admin.logentry", "pk": 154, "fields": {"action_time": "2018-03-06T13:11:22.212Z", "user": 1, "content_type": 19, "object_id": "4", "object_repr": "Business intelligence", "action_flag": 3, "change_message": ""}}, {"model": "admin.logentry", "pk": 155, "fields": {"action_time": "2018-03-06T14:44:35.738Z", "user": 1, "content_type": 13, "object_id": "21", "object_repr": "ProgrammingLanguage object (21)", "action_flag": 1, "change_message": "[{\"added\": {}}]"}}, {"model": "admin.logentry", "pk": 156, "fields": {"action_time": "2018-03-06T14:45:14.088Z", "user": 1, "content_type": 13, "object_id": "8", "object_repr": "ProgrammingLanguage object (8)", "action_flag": 2, "change_message": "[{\"changed\": {\"fields\": [\"programmingarea\", \"order\"]}}]"}}, {"model": "admin.logentry", "pk": 157, "fields": {"action_time": "2018-03-06T14:45:33.636Z", "user": 1, "content_type": 13, "object_id": "15", "object_repr": "ProgrammingLanguage object (15)", "action_flag": 2, "change_message": "[{\"changed\": {\"fields\": [\"order\"]}}]"}}, {"model": "admin.logentry", "pk": 158, "fields": {"action_time": "2018-03-06T14:45:42.548Z", "user": 1, "content_type": 13, "object_id": "11", "object_repr": "ProgrammingLanguage object (11)", "action_flag": 2, "change_message": "[{\"changed\": {\"fields\": [\"order\"]}}]"}}, {"model": "admin.logentry", "pk": 159, "fields": {"action_time": "2018-03-06T14:46:22.414Z", "user": 1, "content_type": 13, "object_id": "8", "object_repr": "ProgrammingLanguage object (8)", "action_flag": 2, "change_message": "[{\"changed\": {\"fields\": [\"order\"]}}]"}}, {"model": "admin.logentry", "pk": 160, "fields": {"action_time": "2018-03-06T15:00:11.152Z", "user": 1, "content_type": 11, "object_id": "6", "object_repr": "Dutch", "action_flag": 2, "change_message": "[{\"changed\": {\"fields\": [\"order\"]}}]"}}, {"model": "admin.logentry", "pk": 161, "fields": {"action_time": "2018-03-06T15:00:23.179Z", "user": 1, "content_type": 11, "object_id": "9", "object_repr": "French", "action_flag": 2, "change_message": "[{\"changed\": {\"fields\": [\"order\"]}}]"}}, {"model": "admin.logentry", "pk": 162, "fields": {"action_time": "2018-03-06T15:24:00.649Z", "user": 1, "content_type": 17, "object_id": "4", "object_repr": "pypuma", "action_flag": 1, "change_message": "[{\"added\": {}}]"}}, {"model": "admin.logentry", "pk": 163, "fields": {"action_time": "2018-03-06T15:25:31.151Z", "user": 1, "content_type": 17, "object_id": "5", "object_repr": "Machine Learning", "action_flag": 1, "change_message": "[{\"added\": {}}]"}}, {"model": "admin.logentry", "pk": 164, "fields": {"action_time": "2018-03-06T15:25:49.112Z", "user": 1, "content_type": 17, "object_id": "5", "object_repr": "Machine Learning Notebooks", "action_flag": 2, "change_message": "[{\"changed\": {\"fields\": [\"name\"]}}]"}}, {"model": "admin.logentry", "pk": 165, "fields": {"action_time": "2018-03-06T21:15:56.360Z", "user": 1, "content_type": 14, "object_id": "2", "object_repr": "Experience with relational and NoSQL databases", "action_flag": 2, "change_message": "[{\"changed\": {\"fields\": [\"order\"]}}]"}}, {"model": "admin.logentry", "pk": 166, "fields": {"action_time": "2018-03-06T21:16:16.099Z", "user": 1, "content_type": 14, "object_id": "2", "object_repr": "Experience with relational and NoSQL databases", "action_flag": 2, "change_message": "[{\"changed\": {\"fields\": [\"order\"]}}]"}}, {"model": "admin.logentry", "pk": 167, "fields": {"action_time": "2018-03-06T21:16:38.119Z", "user": 1, "content_type": 14, "object_id": "7", "object_repr": "Experience with version control software (Git, Perforce)", "action_flag": 1, "change_message": "[{\"added\": {}}]"}}, {"model": "admin.logentry", "pk": 168, "fields": {"action_time": "2018-03-06T21:16:58.689Z", "user": 1, "content_type": 14, "object_id": "8", "object_repr": "Machine learning in MATLAB and Python (scikit-learn): linear and logistic regression, clustering, dimensionality reduction, anomaly detection. Familiar with support vector machines and recommendation ", "action_flag": 1, "change_message": "[{\"added\": {}}]"}}, {"model": "admin.logentry", "pk": 169, "fields": {"action_time": "2018-03-06T21:17:18.973Z", "user": 1, "content_type": 14, "object_id": "9", "object_repr": "Statistical analysis and advanced regression techniques, signal processing, model fitting. Background in data mining and algorithm development", "action_flag": 1, "change_message": "[{\"added\": {}}]"}}, {"model": "admin.logentry", "pk": 170, "fields": {"action_time": "2018-03-06T21:17:43.012Z", "user": 1, "content_type": 14, "object_id": "5", "object_repr": "Strong analytical, multi-tasking and problem solving skills", "action_flag": 2, "change_message": "[{\"changed\": {\"fields\": [\"order\"]}}]"}}, {"model": "admin.logentry", "pk": 171, "fields": {"action_time": "2018-03-06T21:17:54.084Z", "user": 1, "content_type": 14, "object_id": "10", "object_repr": "Experience with large-scale code bases, desire to dive in, understand existing code", "action_flag": 1, "change_message": "[{\"added\": {}}]"}}, {"model": "admin.logentry", "pk": 172, "fields": {"action_time": "2018-03-06T21:18:12.341Z", "user": 1, "content_type": 14, "object_id": "11", "object_repr": "Teamwork and management responsibilities: ability to supervise and work well with others in diverse work settings. Launched and supported several research projects allowing my teams to produce data qu", "action_flag": 1, "change_message": "[{\"added\": {}}]"}}, {"model": "admin.logentry", "pk": 173, "fields": {"action_time": "2018-03-06T21:18:26.401Z", "user": 1, "content_type": 14, "object_id": "11", "object_repr": "Teamwork and management responsibilities: ability to supervise and work well with others in diverse work settings. Launched and supported several research projects allowing my teams to produce data qu", "action_flag": 2, "change_message": "[{\"changed\": {\"fields\": [\"order\"]}}]"}}, {"model": "admin.logentry", "pk": 174, "fields": {"action_time": "2018-03-06T21:18:36.481Z", "user": 1, "content_type": 14, "object_id": "12", "object_repr": "Communication skills: broad experience in both written (6 scientific publications, periodic reports) and oral (16 presentations at international conferences, group meetings, communication with non-spe", "action_flag": 1, "change_message": "[{\"added\": {}}]"}}, {"model": "admin.logentry", "pk": 175, "fields": {"action_time": "2018-03-06T21:18:55.573Z", "user": 1, "content_type": 14, "object_id": "13", "object_repr": "Mentoring and teaching: responsible for the daily supervision of BSc and MSc students, who completed their projects on time and to a high standards. Two years teaching assistant in the MATLAB/LabVIEW ", "action_flag": 1, "change_message": "[{\"added\": {}}]"}}, {"model": "admin.logentry", "pk": 176, "fields": {"action_time": "2018-03-06T21:21:27.003Z", "user": 1, "content_type": 13, "object_id": "22", "object_repr": "REST", "action_flag": 1, "change_message": "[{\"added\": {}}]"}}, {"model": "admin.logentry", "pk": 177, "fields": {"action_time": "2018-03-06T21:23:11.840Z", "user": 1, "content_type": 13, "object_id": "9", "object_repr": "Cach\u00e9 ObjectScript", "action_flag": 2, "change_message": "[{\"changed\": {\"fields\": [\"description\"]}}]"}}, {"model": "admin.logentry", "pk": 178, "fields": {"action_time": "2018-03-07T01:09:43.604Z", "user": 1, "content_type": 9, "object_id": "2", "object_repr": "MIT xPro", "action_flag": 2, "change_message": "[{\"changed\": {\"fields\": [\"title\", \"description\"]}}]"}}, {"model": "admin.logentry", "pk": 179, "fields": {"action_time": "2018-03-07T01:20:47.242Z", "user": 1, "content_type": 9, "object_id": "2", "object_repr": "MIT Professional Education Program", "action_flag": 2, "change_message": "[{\"changed\": {\"fields\": [\"title\"]}}]"}}, {"model": "admin.logentry", "pk": 180, "fields": {"action_time": "2018-03-07T01:21:15.115Z", "user": 1, "content_type": 9, "object_id": "2", "object_repr": "MIT Professional Education Program", "action_flag": 2, "change_message": "[{\"changed\": {\"fields\": [\"description\"]}}]"}}, {"model": "admin.logentry", "pk": 181, "fields": {"action_time": "2018-03-07T01:22:02.719Z", "user": 1, "content_type": 9, "object_id": "1", "object_repr": "iGrow", "action_flag": 2, "change_message": "[{\"changed\": {\"fields\": [\"title\", \"description\", \"url\"]}}]"}}, {"model": "admin.logentry", "pk": 182, "fields": {"action_time": "2018-03-07T01:23:02.797Z", "user": 1, "content_type": 9, "object_id": "1", "object_repr": "iGrow", "action_flag": 2, "change_message": "[{\"changed\": {\"fields\": [\"description\"]}}]"}}, {"model": "admin.logentry", "pk": 183, "fields": {"action_time": "2018-03-07T01:43:32.723Z", "user": 1, "content_type": 9, "object_id": "2", "object_repr": "MIT Professional Education Program", "action_flag": 2, "change_message": "[{\"changed\": {\"fields\": [\"description\"]}}]"}}, {"model": "admin.logentry", "pk": 184, "fields": {"action_time": "2018-03-07T01:51:59.842Z", "user": 1, "content_type": 9, "object_id": "5", "object_repr": "Online courses", "action_flag": 1, "change_message": "[{\"added\": {}}]"}}, {"model": "admin.logentry", "pk": 185, "fields": {"action_time": "2018-03-07T02:01:22.015Z", "user": 1, "content_type": 17, "object_id": "3", "object_repr": "DeepSeeButtons", "action_flag": 2, "change_message": "[{\"changed\": {\"fields\": [\"order\"]}}]"}}, {"model": "admin.logentry", "pk": 186, "fields": {"action_time": "2018-03-07T02:01:35.481Z", "user": 1, "content_type": 17, "object_id": "4", "object_repr": "pypuma", "action_flag": 2, "change_message": "[{\"changed\": {\"fields\": [\"order\"]}}]"}}, {"model": "admin.logentry", "pk": 187, "fields": {"action_time": "2018-03-07T02:01:45.218Z", "user": 1, "content_type": 17, "object_id": "3", "object_repr": "DeepSeeButtons", "action_flag": 2, "change_message": "[{\"changed\": {\"fields\": [\"order\"]}}]"}}, {"model": "admin.logentry", "pk": 188, "fields": {"action_time": "2018-03-07T02:01:52.618Z", "user": 1, "content_type": 17, "object_id": "1", "object_repr": "Djangoresume", "action_flag": 2, "change_message": "[{\"changed\": {\"fields\": [\"order\"]}}]"}}, {"model": "admin.logentry", "pk": 189, "fields": {"action_time": "2018-03-07T02:04:32.255Z", "user": 1, "content_type": 17, "object_id": "1", "object_repr": "Djangoresume", "action_flag": 2, "change_message": "[{\"changed\": {\"fields\": [\"description\"]}}]"}}, {"model": "admin.logentry", "pk": 190, "fields": {"action_time": "2018-03-07T02:05:27.423Z", "user": 1, "content_type": 9, "object_id": "6", "object_repr": "Djangoresume", "action_flag": 1, "change_message": "[{\"added\": {}}]"}}, {"model": "admin.logentry", "pk": 191, "fields": {"action_time": "2018-03-07T02:05:51.360Z", "user": 1, "content_type": 9, "object_id": "6", "object_repr": "Djangoresume", "action_flag": 2, "change_message": "[{\"changed\": {\"fields\": [\"order\"]}}]"}}, {"model": "admin.logentry", "pk": 192, "fields": {"action_time": "2018-03-07T02:06:01.032Z", "user": 1, "content_type": 9, "object_id": "1", "object_repr": "iGrow", "action_flag": 2, "change_message": "[{\"changed\": {\"fields\": [\"order\"]}}]"}}, {"model": "admin.logentry", "pk": 193, "fields": {"action_time": "2018-03-07T02:06:06.918Z", "user": 1, "content_type": 9, "object_id": "3", "object_repr": "Tantrix", "action_flag": 2, "change_message": "[]"}}, {"model": "admin.logentry", "pk": 194, "fields": {"action_time": "2018-03-07T02:07:19.594Z", "user": 1, "content_type": 9, "object_id": "5", "object_repr": "Online courses", "action_flag": 2, "change_message": "[{\"changed\": {\"fields\": [\"description\", \"order\"]}}]"}}, {"model": "admin.logentry", "pk": 195, "fields": {"action_time": "2018-03-07T02:09:16.981Z", "user": 1, "content_type": 17, "object_id": "3", "object_repr": "DeepSeeButtons", "action_flag": 2, "change_message": "[{\"changed\": {\"fields\": [\"description\"]}}]"}}, {"model": "admin.logentry", "pk": 196, "fields": {"action_time": "2018-03-07T02:12:07.855Z", "user": 1, "content_type": 17, "object_id": "1", "object_repr": "Djangoresume", "action_flag": 2, "change_message": "[{\"changed\": {\"fields\": [\"description\"]}}]"}}, {"model": "admin.logentry", "pk": 197, "fields": {"action_time": "2018-03-07T02:14:38.406Z", "user": 1, "content_type": 17, "object_id": "4", "object_repr": "pypuma", "action_flag": 2, "change_message": "[{\"changed\": {\"fields\": [\"description\"]}}]"}}]